{
    "1" : {
        "name" : "Raechal",
        "image" : "images/testimonial/1.jpg",
        "position": "Student",
        "testimonial": [
            "I would highly recommend Yoga Studio for all who have the desire to understand",
            "the joy that yoga practice brings to ones life and beyond Yoga is something",
            "I look forward to in my week"
        ]
    },
    "2" : {
        "name" : "Naina",
        "image" : "images/testimonial/1.jpg",
        "position": "Student",
        "testimonial": [
            "Exceptional yoga classes at the Yoga Studio. The instructor's expertise and the serene atmosphere make every session a rejuvenating experience."
        ]
    }
}
    
